{"cameraMode":{"drawMode":0,"name":"Shaded","section":"Shading Mode"},"sceneLighting":true,"audioPlay":false,"sceneViewState":{"showFog":true,"showMaterialUpdate":false,"showSkybox":true,"showFlares":true,"showImageEffects":true,"showParticleSystems":true},"in2DMode":false,"pivot":{"x":-8.267823219299317,"y":6.5906476974487309,"z":-2472.30810546875},"rotation":{"x":0.002266132039949298,"y":-0.6267113089561462,"z":0.0018066639313474298,"w":0.7792666554450989},"size":7.485628604888916,"orthographic":true}