{"cameraMode":{"drawMode":0,"name":"Shaded","section":"Shading Mode"},"sceneLighting":false,"audioPlay":false,"sceneViewState":{"showFog":true,"showMaterialUpdate":false,"showSkybox":false,"showFlares":true,"showImageEffects":true,"showParticleSystems":true},"in2DMode":false,"pivot":{"x":4.6869096755981449,"y":3.4705452919006349,"z":-20.398006439208986},"rotation":{"x":0.3068600296974182,"y":0.3249610960483551,"z":-0.11236279457807541,"w":0.8874816298484802},"size":4.241065979003906,"orthographic":true}