{"cameraMode":{"drawMode":0,"name":"Shaded","section":"Shading Mode"},"sceneLighting":true,"audioPlay":false,"sceneViewState":{"showFog":true,"showMaterialUpdate":false,"showSkybox":true,"showFlares":true,"showImageEffects":true,"showParticleSystems":true},"in2DMode":false,"pivot":{"x":-0.04000002145767212,"y":1.5099999904632569,"z":-2458.389892578125},"rotation":{"x":0.6146121025085449,"y":-0.0031541346106678249,"z":0.002460038522258401,"w":0.7888228893280029},"size":62.91402053833008,"orthographic":true}