{"cameraMode":{"drawMode":0,"name":"Shaded","section":"Shading Mode"},"sceneLighting":true,"audioPlay":false,"sceneViewState":{"showFog":true,"showMaterialUpdate":false,"showSkybox":true,"showFlares":true,"showImageEffects":true,"showParticleSystems":true},"in2DMode":false,"pivot":{"x":-0.04000002145767212,"y":1.5099999904632569,"z":-2458.389892578125},"rotation":{"x":0.21856969594955445,"y":0.06824345141649246,"z":-0.015324871987104416,"w":0.9733130931854248},"size":1.1073930263519288,"orthographic":true}