{"cameraMode":{"drawMode":0,"name":"Shaded","section":"Shading Mode"},"sceneLighting":true,"audioPlay":false,"sceneViewState":{"showFog":true,"showMaterialUpdate":false,"showSkybox":true,"showFlares":true,"showImageEffects":true,"showParticleSystems":true},"in2DMode":false,"pivot":{"x":-0.04000002145767212,"y":1.5099999904632569,"z":-2458.389892578125},"rotation":{"x":0.5563313364982605,"y":-0.029899446293711664,"z":0.02003658376634121,"w":0.8301811218261719},"size":4.33757209777832,"orthographic":true}