{"cameraMode":{"drawMode":0,"name":"Shaded","section":"Shading Mode"},"sceneLighting":false,"audioPlay":false,"sceneViewState":{"showFog":true,"showMaterialUpdate":false,"showSkybox":false,"showFlares":true,"showImageEffects":true,"showParticleSystems":true},"in2DMode":false,"pivot":{"x":0.5001106262207031,"y":6.60770320892334,"z":-0.26439571380615237},"rotation":{"x":0.10995201021432877,"y":-0.23472833633422852,"z":0.026732278987765313,"w":0.9654533863067627},"size":12.73200798034668,"orthographic":true}