{"cameraMode":{"drawMode":0,"name":"Shaded","section":"Shading Mode"},"sceneLighting":true,"audioPlay":false,"sceneViewState":{"showFog":true,"showMaterialUpdate":false,"showSkybox":true,"showFlares":true,"showImageEffects":true,"showParticleSystems":true},"in2DMode":false,"pivot":{"x":0.027894973754882814,"y":0.42157182097435,"z":-2468.532470703125},"rotation":{"x":0.04565908759832382,"y":0.8559237122535706,"z":-0.07672058790922165,"w":0.5093449950218201},"size":10.0,"orthographic":true}