{"cameraMode":{"drawMode":0,"name":"Shaded","section":"Shading Mode"},"sceneLighting":false,"audioPlay":false,"sceneViewState":{"showFog":true,"showMaterialUpdate":false,"showSkybox":false,"showFlares":true,"showImageEffects":true,"showParticleSystems":true},"in2DMode":false,"pivot":{"x":0.08426189422607422,"y":9.553999900817871,"z":0.06403923034667969},"rotation":{"x":0.0015000045532360674,"y":-0.0015000191051512957,"z":0.0000017976745994019439,"w":1.0000121593475342},"size":12.240262985229493,"orthographic":true}