{"cameraMode":{"drawMode":0,"name":"Shaded","section":"Shading Mode"},"sceneLighting":false,"audioPlay":false,"sceneViewState":{"showFog":true,"showMaterialUpdate":false,"showSkybox":false,"showFlares":true,"showImageEffects":true,"showParticleSystems":true},"in2DMode":false,"pivot":{"x":31.848806381225587,"y":0.5,"z":51.538307189941409},"rotation":{"x":-0.00934685580432415,"y":0.9906437397003174,"z":-0.09979449212551117,"w":-0.09278339147567749},"size":0.8660265207290649,"orthographic":true}